,a,b,c,d,e,f,g,h
order1,HTML1aB,HTML1a,HTML1a,HTML1a,HTML1a,HTML1aB,HTML1aB,HTML1aB
order2,HTML1a,HTML1aB,HTML1a,HTML1aB,HTML1aB,HTML1a,HTML1a,HTML1aB
order3,HTML1a,HTML1aB,HTML1aB,HTML1a,HTML1a,HTML1aB,HTML1aB,HTML1a
order4,HTML1a,HTML1aB,HTML1a,HTML1a,HTML1aB,HTML1aB,HTML1aB,HTML1a
order5,HTML1a,HTML1a,HTML1aB,HTML1a,HTML1aB,HTML1aB,HTML1aB,HTML1a
order6,HTML1aB,HTML1a,HTML1aB,HTML1a,HTML1a,HTML1a,HTML1aB,HTML1aB
order7,HTML1aB,HTML1a,HTML1a,HTML1a,HTML1aB,HTML1aB,HTML1a,HTML1aB
order8,HTML1a,HTML1aB,HTML1aB,HTML1aB,HTML1aB,HTML1a,HTML1a,HTML1a
order9,HTML1aB,HTML1aB,HTML1a,HTML1aB,HTML1a,HTML1a,HTML1aB,HTML1a
order10,HTML1aB,HTML1aB,HTML1a,HTML1a,HTML1aB,HTML1aB,HTML1a,HTML1a
order11,HTML1a,HTML1aB,HTML1a,HTML1aB,HTML1aB,HTML1a,HTML1a,HTML1aB
order12,HTML1aB,HTML1aB,HTML1a,HTML1a,HTML1aB,HTML1aB,HTML1a,HTML1a
order13,HTML1aB,HTML1a,HTML1aB,HTML1a,HTML1a,HTML1aB,HTML1aB,HTML1a
order14,HTML1a,HTML1aB,HTML1a,HTML1a,HTML1aB,HTML1a,HTML1aB,HTML1aB
order15,HTML1a,HTML1aB,HTML1aB,HTML1a,HTML1aB,HTML1a,HTML1a,HTML1aB
order16,HTML1aB,HTML1a,HTML1a,HTML1aB,HTML1a,HTML1a,HTML1aB,HTML1aB
order17,HTML1a,HTML1aB,HTML1a,HTML1aB,HTML1a,HTML1aB,HTML1a,HTML1aB
order18,HTML1aB,HTML1a,HTML1a,HTML1aB,HTML1aB,HTML1a,HTML1a,HTML1aB
order19,HTML1a,HTML1aB,HTML1a,HTML1a,HTML1a,HTML1aB,HTML1aB,HTML1aB
order20,HTML1aB,HTML1aB,HTML1a,HTML1a,HTML1aB,HTML1aB,HTML1a,HTML1a
order21,HTML1aB,HTML1a,HTML1aB,HTML1aB,HTML1aB,HTML1a,HTML1a,HTML1a
order22,HTML1aB,HTML1aB,HTML1a,HTML1aB,HTML1aB,HTML1a,HTML1a,HTML1a
order23,HTML1aB,HTML1a,HTML1aB,HTML1a,HTML1a,HTML1a,HTML1aB,HTML1aB
order24,HTML1aB,HTML1a,HTML1aB,HTML1aB,HTML1a,HTML1aB,HTML1a,HTML1a
order25,HTML1a,HTML1aB,HTML1aB,HTML1aB,HTML1aB,HTML1a,HTML1a,HTML1a
order26,HTML1aB,HTML1a,HTML1aB,HTML1aB,HTML1aB,HTML1a,HTML1a,HTML1a
order27,HTML1a,HTML1a,HTML1aB,HTML1aB,HTML1a,HTML1aB,HTML1a,HTML1aB
order28,HTML1aB,HTML1a,HTML1aB,HTML1a,HTML1aB,HTML1a,HTML1aB,HTML1a
order29,HTML1a,HTML1a,HTML1a,HTML1a,HTML1aB,HTML1aB,HTML1aB,HTML1aB
order30,HTML1aB,HTML1a,HTML1aB,HTML1a,HTML1aB,HTML1aB,HTML1a,HTML1a
order31,HTML1a,HTML1a,HTML1aB,HTML1aB,HTML1aB,HTML1aB,HTML1a,HTML1a
order32,HTML1aB,HTML1aB,HTML1a,HTML1aB,HTML1aB,HTML1a,HTML1a,HTML1a
order33,HTML1a,HTML1aB,HTML1aB,HTML1a,HTML1aB,HTML1aB,HTML1a,HTML1a
order34,HTML1a,HTML1aB,HTML1aB,HTML1aB,HTML1a,HTML1a,HTML1a,HTML1aB
order35,HTML1a,HTML1a,HTML1aB,HTML1a,HTML1aB,HTML1aB,HTML1aB,HTML1a
order36,HTML1a,HTML1aB,HTML1a,HTML1a,HTML1aB,HTML1a,HTML1aB,HTML1aB
order37,HTML1a,HTML1a,HTML1a,HTML1aB,HTML1aB,HTML1a,HTML1aB,HTML1aB
order38,HTML1a,HTML1a,HTML1aB,HTML1aB,HTML1a,HTML1aB,HTML1aB,HTML1a
order39,HTML1a,HTML1a,HTML1aB,HTML1a,HTML1aB,HTML1aB,HTML1a,HTML1aB
order40,HTML1aB,HTML1aB,HTML1a,HTML1a,HTML1a,HTML1aB,HTML1a,HTML1aB
order41,HTML1aB,HTML1a,HTML1a,HTML1a,HTML1aB,HTML1aB,HTML1a,HTML1aB
order42,HTML1aB,HTML1a,HTML1aB,HTML1aB,HTML1a,HTML1a,HTML1a,HTML1aB
order43,HTML1a,HTML1aB,HTML1aB,HTML1a,HTML1a,HTML1aB,HTML1a,HTML1aB
order44,HTML1a,HTML1aB,HTML1a,HTML1aB,HTML1aB,HTML1a,HTML1a,HTML1aB
order45,HTML1a,HTML1aB,HTML1a,HTML1aB,HTML1a,HTML1aB,HTML1aB,HTML1a
order46,HTML1a,HTML1a,HTML1a,HTML1a,HTML1aB,HTML1aB,HTML1aB,HTML1aB
order47,HTML1a,HTML1a,HTML1aB,HTML1a,HTML1aB,HTML1aB,HTML1aB,HTML1a
order48,HTML1aB,HTML1a,HTML1aB,HTML1aB,HTML1a,HTML1a,HTML1a,HTML1aB
order49,HTML1a,HTML1aB,HTML1aB,HTML1a,HTML1aB,HTML1a,HTML1a,HTML1aB
order50,HTML1a,HTML1aB,HTML1aB,HTML1aB,HTML1a,HTML1a,HTML1aB,HTML1a
order51,HTML1aB,HTML1a,HTML1aB,HTML1a,HTML1a,HTML1a,HTML1aB,HTML1aB
order52,HTML1aB,HTML1a,HTML1a,HTML1aB,HTML1a,HTML1a,HTML1aB,HTML1aB
order53,HTML1aB,HTML1a,HTML1aB,HTML1a,HTML1aB,HTML1a,HTML1a,HTML1aB
order54,HTML1aB,HTML1a,HTML1aB,HTML1aB,HTML1aB,HTML1a,HTML1a,HTML1a
order55,HTML1aB,HTML1aB,HTML1a,HTML1a,HTML1a,HTML1aB,HTML1aB,HTML1a
order56,HTML1aB,HTML1aB,HTML1a,HTML1aB,HTML1a,HTML1aB,HTML1a,HTML1a
order57,HTML1a,HTML1aB,HTML1aB,HTML1a,HTML1a,HTML1aB,HTML1a,HTML1aB
order58,HTML1a,HTML1aB,HTML1aB,HTML1aB,HTML1a,HTML1aB,HTML1a,HTML1a
order59,HTML1a,HTML1a,HTML1aB,HTML1aB,HTML1aB,HTML1a,HTML1aB,HTML1a
order60,HTML1a,HTML1aB,HTML1aB,HTML1a,HTML1a,HTML1aB,HTML1a,HTML1aB
order61,HTML1aB,HTML1a,HTML1a,HTML1aB,HTML1a,HTML1a,HTML1aB,HTML1aB
order62,HTML1aB,HTML1a,HTML1a,HTML1aB,HTML1a,HTML1aB,HTML1aB,HTML1a
order63,HTML1aB,HTML1aB,HTML1a,HTML1a,HTML1aB,HTML1a,HTML1aB,HTML1a
order64,HTML1aB,HTML1aB,HTML1a,HTML1aB,HTML1a,HTML1a,HTML1aB,HTML1a
order65,HTML1aB,HTML1a,HTML1aB,HTML1a,HTML1a,HTML1a,HTML1aB,HTML1aB
order66,HTML1a,HTML1aB,HTML1a,HTML1aB,HTML1aB,HTML1aB,HTML1a,HTML1a
order67,HTML1aB,HTML1a,HTML1aB,HTML1aB,HTML1a,HTML1a,HTML1aB,HTML1a
order68,HTML1a,HTML1aB,HTML1a,HTML1aB,HTML1a,HTML1aB,HTML1aB,HTML1a
order69,HTML1aB,HTML1aB,HTML1aB,HTML1a,HTML1a,HTML1a,HTML1aB,HTML1a
order70,HTML1a,HTML1aB,HTML1a,HTML1a,HTML1a,HTML1aB,HTML1aB,HTML1aB
order71,HTML1a,HTML1a,HTML1a,HTML1aB,HTML1a,HTML1aB,HTML1aB,HTML1aB
order72,HTML1aB,HTML1a,HTML1a,HTML1aB,HTML1a,HTML1a,HTML1aB,HTML1aB
